{"v0":{"w":1459,"h":500,"surface":[0.998,0.998,0.998,0.998,0.998,0.99765,0.99696,0.99496,0.9913,0.98678,0.97939,0.97017,0.95939,0.94713,0.92922,0.91435,0.90357,0.89609,0.89435,0.89226,0.89104,0.88922,0.88757,0.88574,0.88409,0.88209,0.88009,0.87843,0.87661,0.8747,0.87296,0.87157,0.87,0.86843,0.86722,0.86583,0.86461,0.86357,0.86278,0.86174,0.86087,0.86043,0.86,0.86,0.85965,0.85922,0.8587,0.8573,0.85626,0.85496,0.85287,0.85157,0.85017,0.84817,0.84635,0.84426,0.84174,0.83904,0.836,0.83348,0.83043,0.82739,0.82504,0.82217,0.81922,0.81626,0.81365,0.81052,0.80739,0.80435,0.80209,0.79957,0.79722,0.79548,0.79417,0.79383,0.79461,0.796,0.79783,0.79991,0.80174,0.804,0.80635,0.80887,0.81087,0.81322,0.81548,0.81722,0.8193,0.82148,0.82374,0.82574,0.82817,0.83061,0.83252,0.83452,0.83635,0.838,0.83939,0.8407,0.84157,0.84217,0.8427,0.84322,0.84374,0.844,0.844,0.844,0.844,0.844,0.844,0.844,0.844,0.844,0.844,0.844,0.844,0.844,0.844,0.84374,0.84313,0.842,0.84035,0.83878,0.83652,0.83409,0.83191,0.8293,0.8267,0.82409,0.82183,0.81913,0.81643,0.81426,0.81165,0.80913,0.80678,0.80496,0.80287,0.80104,0.79965,0.79809,0.79704,0.79591,0.79513,0.79461,0.79409,0.79374,0.79322,0.79243,0.79139,0.79043,0.78939,0.78809,0.7867,0.78565,0.784,0.78243,0.78104,0.7793,0.77783,0.77635,0.77557,0.77548,0.77617,0.77748,0.77948,0.78148,0.78357,0.7853,0.78748,0.78983,0.79183,0.79426,0.79661,0.79904,0.80104,0.80348,0.806,0.808,0.81035,0.81261,0.81478,0.81652,0.81852,0.82043,0.82183,0.82357,0.82478,0.82557,0.826,0.826,0.82643,0.82748,0.82835,0.82939,0.83,0.83,0.83052,0.83104,0.83209,0.83296,0.83383,0.83496,0.83583,0.83713,0.83843,0.84,0.8413,0.84296,0.84478,0.84643,0.84826,0.85035,0.85252,0.85426,0.85652,0.85896,0.86087,0.86339,0.86583,0.86809,0.87,0.87209,0.87426,0.876,0.87817,0.88061,0.88304,0.88513,0.88765,0.88983,0.89157,0.89348,0.8953,0.89687,0.89852,0.90009,0.90113,0.90852,0.91722,0.93052,0.9467,0.9573,0.96809,0.97765,0.98557,0.99035,0.99391,0.99557,0.996,0.996,0.996,0.996,0.996,0.996]},"v1":{"w":1474,"h":500,"surface":[0.996,0.996,0.996,0.996,0.996,0.996,0.99574,0.99452,0.99139,0.98591,0.97809,0.9687,0.96009,0.94922,0.93843,0.92852,0.92104,0.914,0.90939,0.90678,0.90548,0.90504,0.90417,0.90313,0.9,0.89739,0.89461,0.892,0.892,0.892,0.892,0.89165,0.89113,0.89026,0.88939,0.8887,0.88817,0.88757,0.88687,0.886,0.88496,0.88435,0.884,0.88365,0.88313,0.88261,0.88209,0.882,0.882,0.882,0.88148,0.88096,0.88052,0.88,0.88,0.88,0.88,0.88,0.87974,0.87896,0.87791,0.87704,0.87626,0.876,0.876,0.876,0.87557,0.87504,0.87409,0.87304,0.87226,0.87122,0.87061,0.86957,0.86904,0.86852,0.86748,0.86696,0.86609,0.86513,0.86409,0.8627,0.86148,0.86009,0.85852,0.8573,0.85574,0.85496,0.85452,0.85391,0.85339,0.85278,0.85191,0.85061,0.84957,0.84861,0.84774,0.84722,0.84635,0.8453,0.84461,0.84383,0.84304,0.842,0.84096,0.83991,0.83913,0.83861,0.83791,0.8373,0.83687,0.83635,0.83557,0.83504,0.83417,0.8333,0.8327,0.83217,0.832,0.832,0.832,0.832,0.83252,0.83304,0.83348,0.834,0.834,0.83426,0.8347,0.83522,0.83626,0.83704,0.83748,0.838,0.83817,0.8387,0.83939,0.84026,0.84113,0.84217,0.84304,0.84357,0.84461,0.84522,0.84626,0.84713,0.84757,0.848,0.848,0.848,0.848,0.84922,0.85078,0.85252,0.85443,0.85513,0.85574,0.85661,0.85722,0.85809,0.85904,0.86,0.86096,0.86165,0.86252,0.86313,0.86365,0.864,0.864,0.864,0.8647,0.86574,0.86678,0.86791,0.86878,0.8693,0.86983,0.87,0.87017,0.8707,0.87122,0.87174,0.872,0.872,0.872,0.87217,0.87261,0.87313,0.87365,0.874,0.874,0.874,0.874,0.874,0.874,0.87435,0.87487,0.87539,0.87591,0.87643,0.87687,0.87757,0.87861,0.87939,0.88026,0.88113,0.88183,0.8827,0.88322,0.88383,0.8847,0.88522,0.88626,0.88722,0.88826,0.88939,0.89043,0.89104,0.892,0.89313,0.89417,0.89522,0.89583,0.8967,0.89722,0.89817,0.89887,0.89939,0.89991,0.9,0.9,0.9,0.9,0.90035,0.90096,0.90183,0.90391,0.90704,0.91217,0.91965,0.92722,0.93774,0.94896,0.95991,0.96861,0.97809,0.98574,0.99122,0.99435,0.99557,0.996,0.996,0.996,0.996,0.996,0.996]},"v2":{"w":1458,"h":500,"surface":[0.998,0.998,0.998,0.998,0.998,0.99765,0.99704,0.99557,0.99235,0.98826,0.98139,0.97226,0.96217,0.95096,0.93504,0.92217,0.91348,0.908,0.908,0.90783,0.90739,0.90687,0.90635,0.90574,0.90522,0.9047,0.90417,0.904,0.904,0.90374,0.9033,0.90278,0.902,0.90122,0.90078,0.9,0.89922,0.89861,0.89757,0.89678,0.89626,0.896,0.896,0.896,0.896,0.89591,0.89539,0.89487,0.89417,0.89322,0.8927,0.89226,0.892,0.89165,0.89113,0.8907,0.89017,0.88974,0.8893,0.88878,0.88826,0.888,0.888,0.888,0.888,0.888,0.888,0.888,0.888,0.888,0.888,0.888,0.888,0.888,0.888,0.888,0.888,0.888,0.88748,0.88704,0.88643,0.88539,0.88487,0.88443,0.88357,0.88304,0.88261,0.88209,0.882,0.882,0.882,0.88165,0.88113,0.8807,0.88017,0.88,0.88,0.87991,0.87939,0.87887,0.87817,0.87722,0.8767,0.87617,0.87565,0.87513,0.87461,0.87417,0.874,0.874,0.87365,0.87322,0.8727,0.87191,0.8713,0.87078,0.87026,0.86991,0.86948,0.86896,0.86843,0.868,0.868,0.868,0.868,0.868,0.868,0.868,0.868,0.868,0.868,0.868,0.86791,0.86739,0.86687,0.86643,0.866,0.866,0.86574,0.86522,0.86461,0.86304,0.86157,0.86,0.85852,0.858,0.858,0.858,0.858,0.85765,0.85713,0.85661,0.85574,0.85504,0.854,0.85296,0.85217,0.85113,0.85026,0.84939,0.8487,0.84817,0.848,0.84826,0.84878,0.8493,0.85009,0.85113,0.85226,0.85383,0.85478,0.85609,0.85704,0.85748,0.858,0.85852,0.86017,0.86191,0.86443,0.86678,0.86809,0.86939,0.87078,0.87209,0.87296,0.87409,0.87496,0.87583,0.87687,0.87809,0.87904,0.87948,0.88,0.88043,0.88087,0.88139,0.88191,0.882,0.882,0.882,0.88226,0.8827,0.88322,0.88374,0.884,0.884,0.88417,0.8847,0.88522,0.88626,0.88713,0.88765,0.888,0.888,0.888,0.88843,0.88948,0.89061,0.89217,0.89304,0.89409,0.89504,0.89583,0.89687,0.89739,0.89817,0.8987,0.89922,0.90017,0.90087,0.90165,0.9027,0.9033,0.90374,0.904,0.904,0.904,0.90574,0.91087,0.91861,0.92713,0.93843,0.94922,0.95826,0.96878,0.97817,0.986,0.9907,0.99417,0.99574,0.996,0.996,0.996,0.996,0.996,0.996]},"v3":{"w":1419,"h":500,"surface":[0.998,0.998,0.998,0.998,0.998,0.99774,0.99722,0.99565,0.99313,0.98817,0.98104,0.97365,0.96374,0.95478,0.944,0.93557,0.92565,0.91757,0.912,0.90739,0.90522,0.90348,0.90278,0.90174,0.90052,0.89948,0.89826,0.8973,0.89609,0.89496,0.89348,0.89209,0.89052,0.88896,0.88757,0.88609,0.88496,0.8833,0.88209,0.8807,0.87948,0.878,0.87643,0.87496,0.87313,0.87096,0.86835,0.86635,0.864,0.86287,0.86191,0.8607,0.85983,0.85826,0.85704,0.85539,0.85383,0.85209,0.85026,0.84896,0.84757,0.84617,0.84443,0.84287,0.84087,0.8393,0.83774,0.836,0.83461,0.83278,0.8313,0.82957,0.82826,0.82635,0.82426,0.82235,0.82078,0.81991,0.81939,0.81887,0.81783,0.81696,0.81643,0.81591,0.81548,0.81496,0.81443,0.81339,0.81296,0.81243,0.812,0.812,0.81183,0.81139,0.81087,0.81043,0.81,0.80965,0.80913,0.80861,0.80783,0.80713,0.80652,0.80548,0.80443,0.80287,0.8013,0.79939,0.79704,0.7953,0.7933,0.79157,0.78965,0.78791,0.78548,0.78339,0.78078,0.77826,0.776,0.7733,0.77104,0.76835,0.76435,0.76017,0.75678,0.75435,0.75322,0.75217,0.75035,0.74826,0.74583,0.744,0.74165,0.73939,0.73748,0.73496,0.73287,0.73043,0.72852,0.72643,0.7247,0.72322,0.72139,0.72009,0.71835,0.71739,0.71643,0.71557,0.71487,0.71452,0.71504,0.71617,0.71748,0.71939,0.72061,0.72261,0.72417,0.726,0.72765,0.72896,0.7307,0.73217,0.73426,0.73617,0.73861,0.74139,0.74339,0.74583,0.74757,0.74965,0.75139,0.75322,0.75487,0.75704,0.75948,0.76165,0.76426,0.76583,0.76774,0.76922,0.77096,0.77296,0.77435,0.776,0.77739,0.77904,0.78043,0.782,0.78296,0.78417,0.78522,0.78609,0.78704,0.78748,0.788,0.78835,0.78887,0.7893,0.78983,0.79035,0.79078,0.7913,0.79174,0.792,0.7933,0.79539,0.79809,0.80087,0.80383,0.80609,0.80904,0.81174,0.8147,0.81722,0.82052,0.82374,0.82652,0.83043,0.83357,0.83722,0.84043,0.844,0.84687,0.85043,0.85391,0.85678,0.86017,0.86339,0.8673,0.8707,0.87513,0.8787,0.88139,0.88452,0.88661,0.88843,0.89,0.89365,0.89626,0.90513,0.91896,0.9307,0.94765,0.96,0.97104,0.9793,0.98722,0.99252,0.99539,0.99713,0.99774,0.998,0.998,0.998,0.998,0.998]},"v4":{"w":1473,"h":500,